{
  "precision": 0.7376344792407756,
  "recall": 0.5244783723782103,
  "mAP50": 0.5886704057458275,
  "mAP50_95": 0.32554722626370747
}