{
  "val_accuracy": 0.1919191919191919,
  "test_accuracy": 0.21359223300970873,
  "val_report": {
    "0": {
      "precision": 0.2222222222222222,
      "recall": 0.21052631578947367,
      "f1-score": 0.21621621621621623,
      "support": 19.0
    },
    "1": {
      "precision": 0.030303030303030304,
      "recall": 0.04,
      "f1-score": 0.034482758620689655,
      "support": 25.0
    },
    "2": {
      "precision": 0.0,
      "recall": 0.0,
      "f1-score": 0.0,
      "support": 9.0
    },
    "3": {
      "precision": 0.0,
      "recall": 0.0,
      "f1-score": 0.0,
      "support": 18.0
    },
    "4": {
      "precision": 0.0,
      "recall": 0.0,
      "f1-score": 0.0,
      "support": 18.0
    },
    "5": {
      "precision": 0.07142857142857142,
      "recall": 0.1,
      "f1-score": 0.08333333333333333,
      "support": 20.0
    },
    "6": {
      "precision": 0.09090909090909091,
      "recall": 0.1111111111111111,
      "f1-score": 0.1,
      "support": 9.0
    },
    "7": {
      "precision": 0.0,
      "recall": 0.0,
      "f1-score": 0.0,
      "support": 11.0
    },
    "8": {
      "precision": 0.3118279569892473,
      "recall": 0.453125,
      "f1-score": 0.36942675159235666,
      "support": 64.0
    },
    "9": {
      "precision": 0.3333333333333333,
      "recall": 0.2,
      "f1-score": 0.25,
      "support": 5.0
    },
    "accuracy": 0.1919191919191919,
    "macro avg": {
      "precision": 0.10600242051854954,
      "recall": 0.11147624269005847,
      "f1-score": 0.10534590597625959,
      "support": 198.0
    },
    "weighted avg": {
      "precision": 0.14570811687136223,
      "recall": 0.1919191919191919,
      "f1-score": 0.16378866586971133,
      "support": 198.0
    }
  },
  "test_report": {
    "0": {
      "precision": 0.14285714285714285,
      "recall": 0.125,
      "f1-score": 0.13333333333333333,
      "support": 8.0
    },
    "1": {
      "precision": 0.07142857142857142,
      "recall": 0.06666666666666667,
      "f1-score": 0.06896551724137931,
      "support": 15.0
    },
    "2": {
      "precision": 0.3333333333333333,
      "recall": 0.3333333333333333,
      "f1-score": 0.3333333333333333,
      "support": 3.0
    },
    "3": {
      "precision": 0.0,
      "recall": 0.0,
      "f1-score": 0.0,
      "support": 7.0
    },
    "4": {
      "precision": 0.0,
      "recall": 0.0,
      "f1-score": 0.0,
      "support": 10.0
    },
    "5": {
      "precision": 0.21428571428571427,
      "recall": 0.25,
      "f1-score": 0.23076923076923078,
      "support": 12.0
    },
    "6": {
      "precision": 0.2,
      "recall": 0.1111111111111111,
      "f1-score": 0.14285714285714285,
      "support": 9.0
    },
    "7": {
      "precision": 0.0,
      "recall": 0.0,
      "f1-score": 0.0,
      "support": 5.0
    },
    "8": {
      "precision": 0.28846153846153844,
      "recall": 0.5,
      "f1-score": 0.36585365853658536,
      "support": 30.0
    },
    "9": {
      "precision": 0.0,
      "recall": 0.0,
      "f1-score": 0.0,
      "support": 4.0
    },
    "accuracy": 0.21359223300970873,
    "macro avg": {
      "precision": 0.12503663003663004,
      "recall": 0.1386111111111111,
      "f1-score": 0.12751122160710052,
      "support": 103.0
    },
    "weighted avg": {
      "precision": 0.15766563533553823,
      "recall": 0.21359223300970873,
      "f1-score": 0.1760359634595143,
      "support": 103.0
    }
  },
  "train_samples": 699,
  "val_samples": 198,
  "test_samples": 103,
  "train_classes": [
    0,
    1,
    2,
    3,
    4,
    5,
    6,
    7,
    8,
    9
  ],
  "val_classes": [
    0,
    1,
    2,
    3,
    4,
    5,
    6,
    7,
    8,
    9
  ],
  "test_classes": [
    0,
    1,
    2,
    3,
    4,
    5,
    6,
    7,
    8,
    9
  ]
}