{
  "precision": 0.7161198379609737,
  "recall": 0.5046642624577073,
  "mAP50": 0.5685494976410368,
  "mAP50_95": 0.3091353492072791
}