epoch,time,train/box_loss,train/cls_loss,train/dfl_loss,metrics/precision(B),metrics/recall(B),metrics/mAP50(B),metrics/mAP50-95(B),val/box_loss,val/cls_loss,val/dfl_loss,lr/pg0,lr/pg1,lr/pg2
1,259.651,1.43388,3.49093,1.50792,0.94652,0.04557,0.10301,0.05922,1.48086,3.48299,1.42717,0.000232591,0.000232591,0.000232591
2,508.179,1.39615,2.48754,1.49499,0.41958,0.22033,0.23741,0.12524,1.52859,2.70925,1.59946,0.000377414,0.000377414,0.000377414
3,721.332,1.36869,2.11627,1.47653,0.43583,0.32602,0.31698,0.16636,1.51171,2.1269,1.49681,0.000427989,0.000427989,0.000427989
4,929.217,1.30793,1.95897,1.45544,0.48215,0.3749,0.38075,0.20382,1.4311,1.90702,1.4641,0.000289884,0.000289884,0.000289884
5,1132.82,1.25146,1.82639,1.41178,0.54553,0.3967,0.42393,0.23153,1.38734,1.81085,1.42943,0.000148512,0.000148512,0.000148512
