{
  "precision": 0.9070472428690296,
  "recall": 0.7467274901503334,
  "mAP50": 0.820548072471815,
  "mAP50_95": 0.5737253578272692
}